[{"id": "ec6a17e1-3454-4adc-9cba-d297932e2d60", "conversation_id": "6862a4d9-6794-800d-8970-5dbb66b115cf", "user_id": "user-l5Q0LyH8PJfjwBrov9gnLuaI", "rating": "thumbs_up", "create_time": "2025-07-18T17:30:42.351332Z", "workspace_id": null, "content": "{}", "evaluation_name": null, "evaluation_treatment": null, "update_time": "2025-07-18T17:30:42.477177Z"}, {"id": "a937a439-f5b0-49d2-88a2-a5bbcca6b3f9", "conversation_id": "6862a4d9-6794-800d-8970-5dbb66b115cf", "user_id": "user-l5Q0LyH8PJfjwBrov9gnLuaI", "rating": "thumbs_up", "create_time": "2025-07-18T23:11:58.897291Z", "workspace_id": null, "content": "{}", "evaluation_name": null, "evaluation_treatment": null, "update_time": "2025-07-18T23:11:58.992949Z"}]